{
  "USD_EUR": 1.0021115,
  "GBP_EUR": 1.1765455,
  "JPY_EUR": 0.0072779,
  "CHF_EUR": 1.03767,
  "AUD_EUR": 0.6903207,
  "CNY_EUR": 0.14584773,
  "CAD_EUR": 0.76927086,
  "RUB_EUR": 0.01649243
}
